"source","term_name","term_id","highlighted","adjusted_p_value","negative_log10_of_adjusted_p_value","term_size","query_size","intersection_size","effective_domain_size","intersections"
"GO:MF","actin binding","GO:0003779","true","0.00021088620125607216","3.6759518361656776","447","70","11","20208","NEXN,ACTN2,TTN,PDLIM5,FLNC,MTSS1,SVIL,SYNPO2L,FERMT2,MAPT,FHOD3"
"GO:MF","cytoskeletal protein binding","GO:0008092","false","0.0007184927122291824","3.143577632616329","996","70","15","20208","HSPB7,MAST2,NEXN,OBSCN,ACTN2,TTN,PROM1,PDLIM5,FLNC,MTSS1,SVIL,SYNPO2L,FERMT2,MAPT,FHOD3"
"GO:MF","protein binding","GO:0005515","false","0.0017471504660416348","2.7576696916068433","15082","70","67","20208","SKI,PRDM16,RNF207,HSPB7,MAST2,NFIA,GIPC2,NEXN,NOS1AP,PROX1,OBSCN,ACTN2,E2F6,STRN,TMEM182,TTN,SPATS2L,CAND2,RAF1,LSM3,SFMBT1,TKT,MITF,MLF1,FNDC3B,PROM1,PDLIM5,SLC1A3,ACTBL2,PAIP2,CDKN1A,MLIP,CEP85L,SLC35F1,FLNC,XPO7,FBXO32,MTSS1,KLF6,SVIL,CAMK2G,SYNPO2L,VTI1A,BAG3,RRAS2,PGR,PDE3A,PKP2,TBX3,HSPB8,FERMT2,PTPN21,CHRNB4,AKAP13,SRL,NFATC3,MAPT,HLF,PRKCA,FHOD3,NEDD4L,DMWD,RSPH6A,NCOA6,MAP3K7CL,SH3BGR,SMARCB1"
"GO:MF","actin filament binding","GO:0051015","false","0.004265058772136324","2.3700749799153016","207","70","7","20208","NEXN,ACTN2,TTN,FLNC,SVIL,FERMT2,FHOD3"
"GO:MF","structural constituent of muscle","GO:0008307","true","0.007688363359114876","2.11416609969832","42","70","4","20208","NEXN,OBSCN,ACTN2,TTN"
"GO:MF","transcription factor binding","GO:0008134","true","0.021723888462276072","1.6630624356871058","597","70","10","20208","SKI,PRDM16,NFIA,PROX1,STRN,CAND2,PGR,TBX3,NCOA6,SMARCB1"
"GO:MF","DNA-binding transcription repressor activity, RNA polymerase II-specific","GO:0001227","true","0.022011041356217308","1.6573594102153724","267","70","7","20208","SKI,PRDM16,PROX1,E2F6,MITF,TBX3,NFATC3"
"GO:MF","DNA-binding transcription repressor activity","GO:0001217","false","0.028425356921655476","1.5462940734077824","278","70","7","20208","SKI,PRDM16,PROX1,E2F6,MITF,TBX3,NFATC3"
"GO:BP","striated muscle cell development","GO:0055002","true","1.6868031631549826e-13","12.772935593251514","162","67","14","20972","SKI,PROX1,OBSCN,ACTN2,TMEM182,TTN,PDLIM5,FLNC,SYNPO2L,TBX3,ADPRHL1,AKAP13,ALPK3,FHOD3"
"GO:BP","muscle cell development","GO:0055001","false","1.6048215073538914e-12","11.794573263995563","190","67","14","20972","SKI,PROX1,OBSCN,ACTN2,TMEM182,TTN,PDLIM5,FLNC,SYNPO2L,TBX3,ADPRHL1,AKAP13,ALPK3,FHOD3"
"GO:BP","cell differentiation","GO:0030154","false","8.116107879410574e-12","11.090652188952474","4443","67","44","20972","SKI,PRDM16,MAST2,NFIA,NEXN,PROX1,OBSCN,ACTN2,STRN,TMEM182,TTN,RAF1,SFMBT1,MITF,MLF1,PROM1,PDLIM5,SLC1A3,ACTBL2,CDKN1A,CEP85L,FLNC,MTSS1,KLF6,CAMK2G,SYNPO2L,RRAS2,PGR,PDE3A,PKP2,TBX3,ADPRHL1,FERMT2,AKAP13,ALPK3,NFATC3,MAPT,HLF,PRKCA,FHOD3,NEDD4L,RSPH6A,NCOA6,SMARCB1"
"GO:BP","cellular developmental process","GO:0048869","false","8.186225815627368e-12","11.086916279587127","4444","67","44","20972","SKI,PRDM16,MAST2,NFIA,NEXN,PROX1,OBSCN,ACTN2,STRN,TMEM182,TTN,RAF1,SFMBT1,MITF,MLF1,PROM1,PDLIM5,SLC1A3,ACTBL2,CDKN1A,CEP85L,FLNC,MTSS1,KLF6,CAMK2G,SYNPO2L,RRAS2,PGR,PDE3A,PKP2,TBX3,ADPRHL1,FERMT2,AKAP13,ALPK3,NFATC3,MAPT,HLF,PRKCA,FHOD3,NEDD4L,RSPH6A,NCOA6,SMARCB1"
"GO:BP","muscle structure development","GO:0061061","false","2.310663889512176e-11","10.63626322264991","673","67","20","20972","SKI,PROX1,OBSCN,ACTN2,TMEM182,TTN,SFMBT1,PDLIM5,FLNC,SVIL,SYNPO2L,PKP2,TBX3,ADPRHL1,AKAP13,ALPK3,NFATC3,HLF,FHOD3,SMARCB1"
"GO:BP","striated muscle cell differentiation","GO:0051146","false","4.854170571295827e-10","9.31388496700882","287","67","14","20972","SKI,PROX1,OBSCN,ACTN2,TMEM182,TTN,PDLIM5,FLNC,SYNPO2L,TBX3,ADPRHL1,AKAP13,ALPK3,FHOD3"
"GO:BP","myofibril assembly","GO:0030239","false","1.7841218256032428e-9","8.74857549391683","70","67","9","20972","PROX1,OBSCN,ACTN2,TTN,FLNC,SYNPO2L,ADPRHL1,AKAP13,FHOD3"
"GO:BP","muscle cell differentiation","GO:0042692","false","1.809975053563088e-9","8.742327410862615","388","67","15","20972","SKI,PROX1,OBSCN,ACTN2,TMEM182,TTN,PDLIM5,FLNC,SYNPO2L,TBX3,ADPRHL1,AKAP13,ALPK3,NFATC3,FHOD3"
"GO:BP","sarcomere organization","GO:0045214","false","2.692638089025165e-9","8.569822015137193","46","67","8","20972","PROX1,OBSCN,ACTN2,TTN,FLNC,SYNPO2L,AKAP13,FHOD3"
"GO:BP","developmental process","GO:0032502","false","3.0570633414843042e-9","8.514695562722352","6535","67","49","20972","SKI,PRDM16,RNF207,HSPB7,MAST2,NFIA,NEXN,PROX1,OBSCN,ACTN2,STRN,TMEM182,TTN,RAF1,SFMBT1,MITF,MLF1,PROM1,PDLIM5,SLC1A3,ACTBL2,PAIP2,CDKN1A,CEP85L,FLNC,MTSS1,KLF6,SVIL,CAMK2G,SYNPO2L,BAG3,RRAS2,PGR,PDE3A,PKP2,TBX3,ADPRHL1,FERMT2,AKAP13,ALPK3,NFATC3,MAPT,HLF,PRKCA,FHOD3,NEDD4L,RSPH6A,NCOA6,SMARCB1"
"GO:BP","anatomical structure development","GO:0048856","false","1.41578138172418e-8","7.849003803172317","5948","67","46","20972","SKI,RNF207,HSPB7,NFIA,NEXN,PROX1,OBSCN,ACTN2,STRN,TMEM182,TTN,RAF1,SFMBT1,MITF,MLF1,PROM1,PDLIM5,SLC1A3,ACTBL2,CDKN1A,CEP85L,FLNC,MTSS1,KLF6,SVIL,CAMK2G,SYNPO2L,BAG3,RRAS2,PGR,PDE3A,PKP2,TBX3,ADPRHL1,FERMT2,AKAP13,ALPK3,NFATC3,MAPT,HLF,PRKCA,FHOD3,NEDD4L,RSPH6A,NCOA6,SMARCB1"
"GO:BP","cell development","GO:0048468","false","2.3872110467400042e-8","7.622109184519453","2842","67","32","20972","SKI,NEXN,PROX1,OBSCN,ACTN2,STRN,TMEM182,TTN,RAF1,MITF,MLF1,PDLIM5,SLC1A3,ACTBL2,FLNC,KLF6,CAMK2G,SYNPO2L,PGR,PDE3A,TBX3,ADPRHL1,AKAP13,ALPK3,NFATC3,MAPT,PRKCA,FHOD3,NEDD4L,RSPH6A,NCOA6,SMARCB1"
"GO:BP","heart development","GO:0007507","false","6.197730687565808e-8","7.207767299256015","591","67","16","20972","SKI,RNF207,HSPB7,PROX1,ACTN2,TTN,PDLIM5,CDKN1A,SYNPO2L,PKP2,TBX3,ADPRHL1,AKAP13,ALPK3,FHOD3,NCOA6"
"GO:BP","actin filament-based process","GO:0030029","true","8.718426074490105e-8","7.05956191057891","816","67","18","20972","RNF207,NOS1AP,PROX1,OBSCN,ACTN2,TTN,PDLIM5,ACTBL2,FLNC,MTSS1,SVIL,SYNPO2L,PKP2,ADPRHL1,FERMT2,AKAP13,FHOD3,NEDD4L"
"GO:BP","cardiac muscle cell differentiation","GO:0055007","false","1.4710864750950762e-7","6.83236179732497","113","67","9","20972","PROX1,ACTN2,TTN,PDLIM5,TBX3,ADPRHL1,AKAP13,ALPK3,FHOD3"
"GO:BP","cardiac muscle cell development","GO:0055013","false","2.009073127906653e-7","6.697004255154026","77","67","8","20972","PROX1,ACTN2,TTN,PDLIM5,TBX3,ADPRHL1,ALPK3,FHOD3"
"GO:BP","cardiac muscle tissue development","GO:0048738","false","2.0761612881191074e-7","6.682738911026255","225","67","11","20972","SKI,PROX1,ACTN2,TTN,PDLIM5,PKP2,TBX3,ADPRHL1,AKAP13,ALPK3,FHOD3"
"GO:BP","multicellular organismal process","GO:0032501","false","3.3561119741750733e-7","6.474163557689853","7337","67","49","20972","SKI,PRDM16,RNF207,HSPB7,MAST2,NFIA,NEXN,NOS1AP,PROX1,ACTN2,STRN,TTN,RAF1,SFMBT1,MITF,PROM1,GNRHR,PDLIM5,SLC1A3,ACTBL2,PAIP2,CDKN1A,MLIP,CEP85L,FBXO32,MTSS1,KLF6,CAMK2G,SYNPO2L,VTI1A,BAG3,RRAS2,PGR,PDE3A,SSPN,PKP2,TBX3,ADPRHL1,FERMT2,CHRNB4,AKAP13,ALPK3,NFATC3,MAPT,PRKCA,FHOD3,NEDD4L,NCOA6,SMARCB1"
"GO:BP","cardiac cell development","GO:0055006","false","3.709775762037588e-7","6.430652340587888","83","67","8","20972","PROX1,ACTN2,TTN,PDLIM5,TBX3,ADPRHL1,ALPK3,FHOD3"
"GO:BP","cellular anatomical entity morphogenesis","GO:0032989","false","4.851705630212412e-7","6.314105557156795","129","67","9","20972","PROX1,OBSCN,ACTN2,TTN,FLNC,SYNPO2L,ADPRHL1,AKAP13,FHOD3"
"GO:BP","cellular component assembly involved in morphogenesis","GO:0010927","false","4.851705630212412e-7","6.314105557156795","129","67","9","20972","PROX1,OBSCN,ACTN2,TTN,FLNC,SYNPO2L,ADPRHL1,AKAP13,FHOD3"
"GO:BP","striated muscle tissue development","GO:0014706","false","5.689790974227849e-7","6.244903687982235","399","67","13","20972","SKI,PROX1,ACTN2,TTN,PDLIM5,SVIL,PKP2,TBX3,ADPRHL1,AKAP13,ALPK3,HLF,FHOD3"
"GO:BP","muscle tissue development","GO:0060537","false","0.0000010951447912357897","5.9605284581045295","421","67","13","20972","SKI,PROX1,ACTN2,TTN,PDLIM5,SVIL,PKP2,TBX3,ADPRHL1,AKAP13,ALPK3,HLF,FHOD3"
"GO:BP","muscle system process","GO:0003012","true","0.0000013382557166916274","5.873460892743839","428","67","13","20972","RNF207,NOS1AP,TTN,PDLIM5,MLIP,FBXO32,CAMK2G,SSPN,PKP2,TBX3,CHRNB4,PRKCA,NEDD4L"
"GO:BP","actomyosin structure organization","GO:0031032","false","0.0000013644858668678276","5.865030958325416","202","67","10","20972","PROX1,OBSCN,ACTN2,TTN,FLNC,SYNPO2L,ADPRHL1,FERMT2,AKAP13,FHOD3"
"GO:BP","cardiocyte differentiation","GO:0035051","false","0.0000015573698912575032","5.807608225804711","147","67","9","20972","PROX1,ACTN2,TTN,PDLIM5,TBX3,ADPRHL1,AKAP13,ALPK3,FHOD3"
"GO:BP","system development","GO:0048731","false","0.0000022196662320810886","5.6537123248570635","4023","67","35","20972","SKI,RNF207,HSPB7,NFIA,NEXN,PROX1,ACTN2,STRN,TTN,RAF1,MITF,PROM1,PDLIM5,SLC1A3,ACTBL2,CDKN1A,CEP85L,MTSS1,CAMK2G,SYNPO2L,BAG3,RRAS2,PGR,PKP2,TBX3,ADPRHL1,AKAP13,ALPK3,NFATC3,MAPT,PRKCA,FHOD3,NEDD4L,NCOA6,SMARCB1"
"GO:BP","actin cytoskeleton organization","GO:0030036","false","0.000009240834693217657","5.034288798662339","716","67","15","20972","NOS1AP,PROX1,OBSCN,ACTN2,TTN,PDLIM5,ACTBL2,FLNC,MTSS1,SVIL,SYNPO2L,ADPRHL1,FERMT2,AKAP13,FHOD3"
"GO:BP","cytoskeleton organization","GO:0007010","false","0.000009780621040841125","5.009633567906968","1534","67","21","20972","MAST2,NEXN,NOS1AP,PROX1,OBSCN,ACTN2,TTN,RAF1,PDLIM5,ACTBL2,FLNC,MTSS1,SVIL,SYNPO2L,PKP2,ADPRHL1,FERMT2,AKAP13,MAPT,FHOD3,RSPH6A"
"GO:BP","circulatory system development","GO:0072359","false","0.000016756567182591858","4.775814947898966","1135","67","18","20972","SKI,RNF207,HSPB7,PROX1,ACTN2,TTN,PDLIM5,CDKN1A,SYNPO2L,PKP2,TBX3,ADPRHL1,AKAP13,ALPK3,NFATC3,PRKCA,FHOD3,NCOA6"
"GO:BP","anatomical structure morphogenesis","GO:0009653","false","0.00002863248290972589","4.543140989832476","2699","67","27","20972","SKI,RNF207,NFIA,NEXN,PROX1,OBSCN,ACTN2,TMEM182,TTN,PROM1,PDLIM5,SLC1A3,ACTBL2,FLNC,MTSS1,SYNPO2L,PGR,PKP2,TBX3,ADPRHL1,FERMT2,AKAP13,NFATC3,MAPT,PRKCA,FHOD3,NEDD4L"
"GO:BP","multicellular organism development","GO:0007275","false","0.000035564443949522564","4.448983977112112","4690","67","36","20972","SKI,RNF207,HSPB7,NFIA,NEXN,PROX1,ACTN2,STRN,TTN,RAF1,MITF,PROM1,PDLIM5,SLC1A3,ACTBL2,CDKN1A,CEP85L,MTSS1,CAMK2G,SYNPO2L,BAG3,RRAS2,PGR,PKP2,TBX3,ADPRHL1,FERMT2,AKAP13,ALPK3,NFATC3,MAPT,PRKCA,FHOD3,NEDD4L,NCOA6,SMARCB1"
"GO:BP","animal organ development","GO:0048513","false","0.00007113822203060378","4.147896993408702","3018","67","28","20972","SKI,RNF207,HSPB7,NFIA,PROX1,ACTN2,TMEM182,TTN,RAF1,SFMBT1,MITF,PROM1,PDLIM5,CDKN1A,MTSS1,SVIL,SYNPO2L,PGR,PKP2,TBX3,ADPRHL1,FERMT2,AKAP13,ALPK3,HLF,FHOD3,NCOA6,SMARCB1"
"GO:BP","membraneless organelle assembly","GO:0140694","false","0.00020122558261509365","3.696316806507344","436","67","11","20972","PROX1,OBSCN,ACTN2,TTN,LSM3,FLNC,SYNPO2L,ADPRHL1,AKAP13,MAPT,FHOD3"
"GO:BP","supramolecular fiber organization","GO:0097435","false","0.0002885186153456825","3.539826160736694","798","67","14","20972","PROX1,OBSCN,ACTN2,TTN,FLNC,MTSS1,SVIL,SYNPO2L,PKP2,ADPRHL1,FERMT2,AKAP13,MAPT,FHOD3"
"GO:BP","cardiac myofibril assembly","GO:0055003","false","0.00057358580727444","3.2414016033281428","19","67","4","20972","PROX1,TTN,ADPRHL1,FHOD3"
"GO:BP","tissue development","GO:0009888","false","0.0010402394063125347","2.982866698321303","2014","67","21","20972","SKI,RNF207,NFIA,PROX1,ACTN2,TTN,PROM1,PDLIM5,CDKN1A,MTSS1,SVIL,PGR,PKP2,TBX3,ADPRHL1,FERMT2,AKAP13,ALPK3,HLF,FHOD3,SMARCB1"
"GO:BP","positive regulation of cellular process","GO:0048522","true","0.00223393914045271","2.650928662610556","5739","67","37","20972","SKI,PRDM16,RNF207,NFIA,NOS1AP,PROX1,ACTN2,TTN,CAND2,RAF1,MITF,PROM1,SLC1A3,PAIP2,CDKN1A,MLIP,MTSS1,KLF6,SVIL,CAMK2G,SYNPO2L,BAG3,RRAS2,PGR,PDE3A,TBX3,HSPB8,FERMT2,CHRNB4,AKAP13,NFATC3,MAPT,HLF,PRKCA,NEDD4L,NCOA6,SMARCB1"
"GO:BP","positive regulation of biological process","GO:0048518","false","0.004238120564046726","2.372826692845743","6150","67","38","20972","SKI,PRDM16,RNF207,NFIA,NOS1AP,PROX1,ACTN2,TTN,CAND2,RAF1,MITF,PROM1,SLC1A3,PAIP2,CDKN1A,MLIP,MTSS1,KLF6,SVIL,CAMK2G,SYNPO2L,BAG3,RRAS2,PGR,PDE3A,PKP2,TBX3,HSPB8,FERMT2,CHRNB4,AKAP13,NFATC3,MAPT,HLF,PRKCA,NEDD4L,NCOA6,SMARCB1"
"GO:BP","ventricular cardiac muscle cell action potential","GO:0086005","true","0.0066199059242806335","2.17914818229083","34","67","4","20972","RNF207,NOS1AP,PKP2,NEDD4L"
"GO:BP","system process","GO:0003008","false","0.008301722388758637","2.080831793608195","2290","67","21","20972","RNF207,HSPB7,NOS1AP,TTN,GNRHR,PDLIM5,SLC1A3,PAIP2,MLIP,FBXO32,CAMK2G,VTI1A,PDE3A,SSPN,PKP2,TBX3,FERMT2,CHRNB4,MAPT,PRKCA,NEDD4L"
"GO:BP","organelle organization","GO:0006996","false","0.008982015515440925","2.046626199076849","3573","67","27","20972","MAST2,NFIA,NEXN,NOS1AP,PROX1,OBSCN,ACTN2,TTN,RAF1,LSM3,PDLIM5,ACTBL2,FLNC,MTSS1,SVIL,SYNPO2L,VTI1A,PDE3A,PKP2,ADPRHL1,FERMT2,AKAP13,MAPT,PRKCA,FHOD3,RSPH6A,SMARCB1"
"GO:BP","regulation of muscle system process","GO:0090257","false","0.012457362062593316","1.9045739129697676","226","67","7","20972","RNF207,MLIP,FBXO32,CAMK2G,PKP2,CHRNB4,PRKCA"
"GO:BP","cell junction organization","GO:0034330","true","0.01756447554884711","1.7553648131160255","829","67","12","20972","NFIA,NOS1AP,ACTN2,STRN,PDLIM5,ACTBL2,MTSS1,PKP2,FERMT2,MAPT,PRKCA,NEDD4L"
"GO:BP","muscle contraction","GO:0006936","false","0.02011600320416957","1.6964583038746812","340","67","8","20972","RNF207,NOS1AP,TTN,SSPN,PKP2,TBX3,CHRNB4,NEDD4L"
"GO:BP","positive regulation of supramolecular fiber organization","GO:1902905","false","0.02870173590247923","1.5420918360162033","171","67","6","20972","PROX1,ACTN2,MTSS1,SYNPO2L,FERMT2,MAPT"
"GO:BP","anatomical structure formation involved in morphogenesis","GO:0048646","false","0.030969914192812635","1.5090599979250863","1190","67","14","20972","SKI,PROX1,OBSCN,ACTN2,TMEM182,TTN,PROM1,FLNC,SYNPO2L,TBX3,ADPRHL1,AKAP13,PRKCA,FHOD3"
"GO:BP","muscle organ development","GO:0007517","false","0.031592345915261145","1.5004181240085765","362","67","8","20972","SKI,PROX1,TMEM182,TTN,SFMBT1,SVIL,PKP2,HLF"
"GO:BP","postsynaptic actin cytoskeleton organization","GO:0098974","false","0.03310308165684487","1.4801315746754675","17","67","3","20972","NOS1AP,ACTN2,ACTBL2"
"GO:BP","heart morphogenesis","GO:0003007","false","0.033254536471797214","1.4781491013298655","263","67","7","20972","RNF207,PROX1,TTN,SYNPO2L,PKP2,TBX3,ADPRHL1"
"GO:BP","regulation of supramolecular fiber organization","GO:1902903","false","0.04223110013173989","1.3743676049373754","377","67","8","20972","PROX1,ACTN2,MTSS1,SVIL,SYNPO2L,FERMT2,AKAP13,MAPT"
"GO:BP","positive regulation of cytoskeleton organization","GO:0051495","false","0.04612294546797033","1.3360829659124729","186","67","6","20972","PROX1,ACTN2,MTSS1,SYNPO2L,FERMT2,MAPT"
"GO:BP","regulation of actin filament-based process","GO:0032970","false","0.04638531658139789","1.3336194749814596","382","67","8","20972","PROX1,ACTN2,MTSS1,SVIL,SYNPO2L,PKP2,FERMT2,AKAP13"
"GO:BP","positive regulation of transcription by RNA polymerase II","GO:0045944","true","0.04759981293209586","1.3223947540593","1237","67","14","20972","SKI,PRDM16,NFIA,PROX1,RAF1,MITF,MLIP,KLF6,PGR,TBX3,NFATC3,HLF,NCOA6,SMARCB1"
"GO:BP","positive regulation of membrane repolarization during cardiac muscle cell action potential","GO:1905033","false","0.04855019072729056","1.3138090596458396","3","67","2","20972","RNF207,NOS1AP"
"GO:BP","positive regulation of membrane repolarization during ventricular cardiac muscle cell action potential","GO:1905026","false","0.04855019072729056","1.3138090596458396","3","67","2","20972","RNF207,NOS1AP"
"GO:CC","myofibril","GO:0030016","true","1.7331742557345686e-11","10.76115777052357","241","74","14","22155","NEXN,NOS1AP,OBSCN,ACTN2,TTN,PDLIM5,FLNC,FBXO32,SVIL,SYNPO2L,BAG3,ADPRHL1,FERMT2,FHOD3"
"GO:CC","I band","GO:0031674","false","2.5558563593108608e-11","10.59246355744306","149","74","12","22155","NEXN,NOS1AP,OBSCN,ACTN2,TTN,PDLIM5,FLNC,FBXO32,SYNPO2L,BAG3,FERMT2,FHOD3"
"GO:CC","contractile muscle fiber","GO:0043292","false","2.870280136279088e-11","10.542075714519328","250","74","14","22155","NEXN,NOS1AP,OBSCN,ACTN2,TTN,PDLIM5,FLNC,FBXO32,SVIL,SYNPO2L,BAG3,ADPRHL1,FERMT2,FHOD3"
"GO:CC","sarcomere","GO:0030017","false","1.196328329709275e-10","9.922149612812332","220","74","13","22155","NEXN,NOS1AP,OBSCN,ACTN2,TTN,PDLIM5,FLNC,FBXO32,SYNPO2L,BAG3,ADPRHL1,FERMT2,FHOD3"
"GO:CC","Z disc","GO:0030018","false","2.2154983547917737e-10","9.654528568135245","133","74","11","22155","NEXN,NOS1AP,OBSCN,ACTN2,TTN,PDLIM5,FLNC,FBXO32,SYNPO2L,BAG3,FHOD3"
"GO:CC","supramolecular fiber","GO:0099512","false","0.000014861984450136099","4.827923197425864","1051","74","17","22155","NEXN,NOS1AP,OBSCN,ACTN2,TTN,PDLIM5,ACTBL2,FLNC,FBXO32,SVIL,SYNPO2L,BAG3,PKP2,ADPRHL1,FERMT2,MAPT,FHOD3"
"GO:CC","supramolecular polymer","GO:0099081","false","0.000014861984450136099","4.827923197425864","1051","74","17","22155","NEXN,NOS1AP,OBSCN,ACTN2,TTN,PDLIM5,ACTBL2,FLNC,FBXO32,SVIL,SYNPO2L,BAG3,PKP2,ADPRHL1,FERMT2,MAPT,FHOD3"
"GO:CC","cytoplasm","GO:0005737","false","0.000054774836622019066","4.261418909144005","12601","74","63","22155","SKI,PRDM16,RNF207,HSPB7,MAST2,GIPC2,IFI44L,NEXN,NOS1AP,PROX1,OBSCN,ACTN2,STRN,TTN,SPATS2L,CAND2,RAF1,LSM3,TKT,MITF,MLF1,PROM1,PDLIM5,SLC1A3,ACTBL2,PAIP2,CDKN1A,MLIP,CEP85L,SLC35F1,FLNC,XPO7,FBXO32,MTSS1,KLF6,SVIL,CAMK2G,SYNPO2L,VTI1A,BAG3,RRAS2,PGR,PDE3A,SSPN,PKP2,HSPB8,ADPRHL1,FERMT2,PTPN21,CHRNB4,AKAP13,LMF1,SRL,NFATC3,MAPT,PRKCA,FHOD3,NEDD4L,DMWD,RSPH6A,NCOA6,MAP3K7CL,SH3BGR"
"GO:CC","actin cytoskeleton","GO:0015629","false","0.00006208560197746284","4.2070091036355635","537","74","12","22155","HSPB7,NEXN,NOS1AP,ACTN2,TTN,PDLIM5,ACTBL2,MTSS1,SVIL,SYNPO2L,FERMT2,AKAP13"
"GO:CC","cytoskeleton","GO:0005856","false","0.00042222210515220117","3.3744590332398414","2544","74","24","22155","SKI,HSPB7,MAST2,NEXN,NOS1AP,ACTN2,TTN,MLF1,PDLIM5,ACTBL2,CEP85L,FLNC,MTSS1,SVIL,SYNPO2L,BAG3,PKP2,FERMT2,PTPN21,AKAP13,MAPT,PRKCA,FHOD3,RSPH6A"
"GO:CC","supramolecular complex","GO:0099080","false","0.0011059944839358674","2.9562470390369158","1938","74","20","22155","HSPB7,NEXN,NOS1AP,OBSCN,ACTN2,TTN,LSM3,PDLIM5,ACTBL2,FLNC,FBXO32,SVIL,SYNPO2L,BAG3,PKP2,ADPRHL1,FERMT2,MAPT,FHOD3,SMARCB1"
"GO:CC","membraneless organelle","GO:0043228","false","0.003338979133553326","2.4763862949950344","7128","74","42","22155","SKI,HSPB7,MAST2,NFIA,NEXN,NOS1AP,PROX1,OBSCN,ACTN2,E2F6,TTN,SPATS2L,LSM3,TKT,MITF,MLF1,PDLIM5,ACTBL2,CDKN1A,MLIP,CEP85L,FLNC,FBXO32,MTSS1,KLF6,SVIL,SYNPO2L,BAG3,PGR,PKP2,TBX3,ADPRHL1,FERMT2,PTPN21,AKAP13,NFATC3,MAPT,HLF,PRKCA,FHOD3,RSPH6A,SMARCB1"
"GO:CC","intracellular membraneless organelle","GO:0043232","false","0.003338979133553326","2.4763862949950344","7128","74","42","22155","SKI,HSPB7,MAST2,NFIA,NEXN,NOS1AP,PROX1,OBSCN,ACTN2,E2F6,TTN,SPATS2L,LSM3,TKT,MITF,MLF1,PDLIM5,ACTBL2,CDKN1A,MLIP,CEP85L,FLNC,FBXO32,MTSS1,KLF6,SVIL,SYNPO2L,BAG3,PGR,PKP2,TBX3,ADPRHL1,FERMT2,PTPN21,AKAP13,NFATC3,MAPT,HLF,PRKCA,FHOD3,RSPH6A,SMARCB1"
"GO:CC","cell projection","GO:0042995","true","0.00632828830675966","2.198713743293157","2566","74","22","22155","NEXN,NOS1AP,ACTN2,STRN,RAF1,MLF1,PROM1,PDLIM5,SLC1A3,ACTBL2,MTSS1,SVIL,CAMK2G,VTI1A,BAG3,TBX3,FERMT2,CHRNB4,MAPT,PRKCA,DMWD,RSPH6A"
"GO:CC","cell junction","GO:0030054","true","0.02123507985071314","1.6729461015836435","2370","74","20","22155","NFIA,NEXN,NOS1AP,OBSCN,ACTN2,STRN,PDLIM5,SLC1A3,ACTBL2,SLC35F1,FLNC,SVIL,CAMK2G,VTI1A,RRAS2,SSPN,PKP2,FERMT2,CHRNB4,MAPT"
"GO:CC","nucleoplasm","GO:0005654","true","0.022567340719629993","1.6465196141093796","4334","74","29","22155","SKI,PRDM16,HSPB7,NFIA,PROX1,OBSCN,E2F6,SPATS2L,LSM3,SFMBT1,TKT,MITF,CDKN1A,MLIP,FBXO32,KLF6,CAMK2G,BAG3,PGR,PKP2,TBX3,HSPB8,FERMT2,NFATC3,HLF,PRKCA,NEDD4L,NCOA6,SMARCB1"
"GO:CC","sarcolemma","GO:0042383","true","0.0273380506590207","1.563232456052503","135","74","5","22155","NOS1AP,OBSCN,MLIP,FLNC,SSPN"
"GO:CC","cytosol","GO:0005829","false","0.028601822041443146","1.5436062998311115","5607","74","34","22155","PRDM16,NOS1AP,PROX1,OBSCN,ACTN2,STRN,TTN,SPATS2L,CAND2,RAF1,LSM3,TKT,MITF,PDLIM5,CDKN1A,MLIP,FLNC,FBXO32,KLF6,SVIL,CAMK2G,VTI1A,BAG3,PGR,PDE3A,HSPB8,FERMT2,AKAP13,NFATC3,MAPT,PRKCA,NEDD4L,NCOA6,MAP3K7CL"
"GO:CC","inclusion body","GO:0016234","true","0.03028649986900743","1.518750914036206","72","74","4","22155","PRDM16,HSPB7,BAG3,MAPT"
"GO:CC","plasma membrane bounded cell projection","GO:0120025","false","0.033560284736263005","1.4741743631334674","2449","74","20","22155","NEXN,NOS1AP,ACTN2,STRN,RAF1,MLF1,PROM1,SLC1A3,ACTBL2,MTSS1,CAMK2G,VTI1A,BAG3,TBX3,FERMT2,CHRNB4,MAPT,PRKCA,DMWD,RSPH6A"
"KEGG","Cytoskeleton in muscle cells","KEGG:04820","false","0.004772818761368037","2.3212250568200536","233","38","7","8716","OBSCN,ACTN2,TTN,PDLIM5,FLNC,SSPN,PKP2"
"KEGG","Glioma","KEGG:05214","false","0.02708639053920042","1.5672488640457654","76","38","4","8716","RAF1,CDKN1A,CAMK2G,PRKCA"
"KEGG","ErbB signaling pathway","KEGG:04012","false","0.041564895142598555","1.381273310772535","85","38","4","8716","RAF1,CDKN1A,CAMK2G,PRKCA"
"KEGG","Oxytocin signaling pathway","KEGG:04921","false","0.043533368129932686","1.3611777306451163","154","38","5","8716","RAF1,CDKN1A,CAMK2G,NFATC3,PRKCA"
"WP","Kit receptor signaling","WP:WP304","false","0.027306589887900076","1.5637325322051507","53","47","4","8899","RAF1,MITF,MAPT,PRKCA"
"MIRNA","hsa-mir-3690","MIRNA:hsa-mir-3690","false","0.005974028066433261","2.223732741378951","1045","72","16","16638","SKI,PRDM16,IFI44L,STRN,SPATS2L,RAF1,SLC1A3,PGR,HSPB8,AKAP13,ALPK3,LMF1,NFATC3,PRKCA,FHOD3,NEDD4L"
"MIRNA","hsa-mir-4797-3p","MIRNA:hsa-mir-4797-3p","false","0.029150219768056793","1.535358166678738","929","72","14","16638","SKI,PRDM16,NFIA,E2F6,TMEM182,SFMBT1,PAIP2,XPO7,FBXO32,MTSS1,PGR,TBX3,MAPT,SH3BGR"
"MIRNA","hsa-mir-4504","MIRNA:hsa-mir-4504","false","0.03259187260650366","1.48689068588934","816","72","13","16638","NOS1AP,STRN,SPATS2L,TKT,MITF,PDLIM5,PAIP2,VTI1A,RRAS2,FERMT2,LMF1,NFATC3,MAPT"
"MIRNA","hsa-mir-2861","MIRNA:hsa-mir-2861","false","0.0376399027738364","1.4243515070524555","951","72","14","16638","SKI,NFIA,OBSCN,CAND2,RAF1,CDKN1A,FLNC,PGR,AKAP13,LMF1,NFATC3,MAPT,PRKCA,DMWD"
"CORUM","BAG3-HSC70-HSPB8-CHIP complex","CORUM:6052","false","0.049652489207577824","1.3040589743183078","3","19","2","3383","BAG3,HSPB8"
"HP","Abnormality of cardiovascular system electrophysiology","HP:0030956","false","0.0001565764585416759","3.8052735340660533","592","33","16","5200","PRDM16,NEXN,NOS1AP,OBSCN,ACTN2,TTN,RAF1,SLC1A3,FLNC,SVIL,BAG3,RRAS2,PKP2,TBX3,ALPK3,FHOD3"
"HP","Arrhythmia","HP:0011675","false","0.0003798774457113379","3.4203564908461392","545","33","15","5200","PRDM16,NEXN,NOS1AP,OBSCN,ACTN2,TTN,RAF1,SLC1A3,FLNC,BAG3,RRAS2,PKP2,TBX3,ALPK3,FHOD3"
"HP","Abnormal left ventricular function","HP:0005162","false","0.0004051981006924991","3.3923325989995665","155","33","9","5200","PRDM16,NEXN,ACTN2,TTN,RAF1,FLNC,BAG3,ALPK3,FHOD3"
"HP","Abnormal cardiac ventricular function","HP:0030872","false","0.000984816049498389","3.0066448823434024","172","33","9","5200","PRDM16,NEXN,ACTN2,TTN,RAF1,FLNC,BAG3,ALPK3,FHOD3"
"HP","Left ventricular systolic dysfunction","HP:0025169","false","0.0020740801652278564","2.6831744617158946","95","33","7","5200","PRDM16,NEXN,ACTN2,TTN,RAF1,BAG3,FHOD3"
"HP","Thromboembolism","HP:0001907","false","0.003143661647951026","2.5025642031973034","101","33","7","5200","PRDM16,NEXN,ACTN2,TTN,RAF1,FLNC,BAG3"
"HP","Abnormal EKG","HP:0003115","false","0.003383337354771548","2.4706546962672618","147","33","8","5200","NOS1AP,RAF1,SLC1A3,FLNC,SVIL,RRAS2,PKP2,ALPK3"
"HP","Orthopnea","HP:0012764","false","0.004640964777415479","2.33339172764478","107","33","7","5200","PRDM16,NEXN,ACTN2,TTN,RAF1,FLNC,BAG3"
"HP","Cardiomyopathy","HP:0001638","false","0.006518366220198345","2.1858612432965647","587","33","14","5200","SKI,PRDM16,NEXN,ACTN2,TTN,RAF1,SLC1A3,FLNC,BAG3,RRAS2,PKP2,HSPB8,ALPK3,FHOD3"
"HP","Thromboembolic stroke","HP:0001727","false","0.007869444149814235","2.104055942506737","75","33","6","5200","PRDM16,NEXN,ACTN2,TTN,RAF1,BAG3"
"HP","Lipoatrophy","HP:0100578","false","0.009903911359790222","2.004193255251083","78","33","6","5200","PRDM16,NEXN,ACTN2,TTN,RAF1,BAG3"
"HP","Left ventricular diastolic dysfunction","HP:0025168","false","0.010543501682814873","1.9770151283113229","7","33","3","5200","PRDM16,FLNC,ALPK3"
"HP","Abnormal myocardium morphology","HP:0001637","false","0.011558035216140246","1.9371159866171628","616","33","14","5200","SKI,PRDM16,NEXN,ACTN2,TTN,RAF1,SLC1A3,FLNC,BAG3,RRAS2,PKP2,HSPB8,ALPK3,FHOD3"
"HP","Lipodystrophy","HP:0009125","false","0.013811957377468462","1.8597447705165315","126","33","7","5200","PRDM16,NEXN,ACTN2,TTN,RAF1,BAG3,LMF1"
"HP","Abnormal cardiovascular system physiology","HP:0011025","false","0.01402085400357044","1.8532255328927125","1536","33","22","5200","SKI,PRDM16,NFIA,NEXN,NOS1AP,OBSCN,ACTN2,TTN,RAF1,SLC1A3,FLNC,SVIL,BAG3,RRAS2,PDE3A,PKP2,TBX3,HSPB8,ALPK3,FHOD3,NEDD4L,SMARCB1"
"HP","Abnormal adipose tissue morphology","HP:0009124","false","0.021143178929647576","1.674829714861544","249","33","9","5200","SKI,PRDM16,NEXN,ACTN2,TTN,RAF1,BAG3,LMF1,SMARCB1"
"HP","Abnormal mitral valve physiology","HP:0031481","false","0.02196642304166527","1.6582406567681633","189","33","8","5200","SKI,PRDM16,NEXN,RAF1,FLNC,BAG3,ALPK3,FHOD3"
"HP","Endocardial fibroelastosis","HP:0001706","false","0.02508590595912762","1.600570210125756","9","33","3","5200","NEXN,ACTN2,ALPK3"
"HP","Myofibrillar myopathy","HP:0003715","false","0.035681982817161235","1.4475510202537265","10","33","3","5200","TTN,FLNC,BAG3"
"HP","Myopathy","HP:0003198","false","0.039252057923033545","1.4061375689521443","340","33","10","5200","SKI,PRDM16,NEXN,ACTN2,TTN,RAF1,FLNC,SVIL,BAG3,HSPB8"
"HP","Abnormal thrombosis","HP:0001977","false","0.04725307023273238","1.3255699682803257","210","33","8","5200","PRDM16,NEXN,OBSCN,ACTN2,TTN,RAF1,FLNC,BAG3"
