TermID	Name	Value	LogSize	Frequency	Uniqueness	Dispensability	Representative
"GO:0002159"	"desmosome assembly"	-0.9483259109072105	2.3560258571931225	0.0005562657652732735	0.9103727134876997	0.19074194	null
"GO:0003008"	"system process"	-4.986992510806378	5.658049574713654	1.1200115821424117	0.7957104381434711	0.5744028	null
"GO:0003012"	"muscle system process"	-5.558853843385091	4.706265334409592	0.12514995177471178	0.7959893644961148	-0	null
"GO:0003013"	"circulatory system process"	-4.86833179429055	4.796213427493061	0.15395024256879394	0.7932646264454873	0.6750183	null
"GO:0003015"	"heart process"	-4.844900561563225	4.277929946646919	0.04667463587113754	0.7860735318304263	0.61889216	null
"GO:0008015"	"blood circulation"	-2.81804152511552	4.78353913333115	0.14952226862310095	0.7704824466366721	0.91234319	3015
"GO:0060047"	"heart contraction"	-3.8535272989494076	4.250395603057116	0.04380715969174213	0.7780336037266307	0.83962703	3015
"GO:0060048"	"cardiac muscle contraction"	-2.0127464786836655	4.119981307304154	0.03244309315073901	0.7653189383614164	0.97245586	3015
"GO:0086002"	"cardiac muscle cell action potential involved in contraction"	-1.3989482541091023	3.735918116531297	0.013397144072488617	0.5731344088814346	0.97418676	3015
"GO:0086003"	"cardiac muscle cell contraction"	-2.173296628608511	3.7467898321526123	0.013736810778717431	0.706968788524514	0.92218892	3015
"GO:0086005"	"ventricular cardiac muscle cell action potential"	-2.1307776203865996	3.554125581513013	0.008814104891343327	0.5822215831501654	0.93056955	3015
"GO:0006357"	"regulation of transcription by RNA polymerase II"	-0.9715018897795411	6.230801833816229	4.1876991326832185	0.7803959533147613	0.32362779	null
"GO:0051252"	"regulation of RNA metabolic process"	-0.3984613726653076	6.6718271249427055	11.561147071204134	0.7590848686278208	0.70645908	6357
"GO:0006366"	"transcription by RNA polymerase II"	-0.6693795227562305	5.323359371070169	0.5182403236462522	0.9914911916308254	0.01635311	null
"GO:0006941"	"striated muscle contraction"	-2.388017597452292	4.355585600061131	0.05581363935104756	0.7787249398937445	0.62669985	null
"GO:0003300"	"cardiac muscle hypertrophy"	-1.8384103017593776	2.886490725172482	0.001892780413695342	0.8110772193993818	0.7269004	6941
"GO:0006936"	"muscle contraction"	-1.5044388934063218	4.679173423631723	0.11758129147287409	0.7690410277896054	0.93772395	6941
"GO:0014896"	"muscle hypertrophy"	-1.7138950436898135	2.9242792860618816	0.0020650751197534355	0.8150979600095076	0.73036495	6941
"GO:0014897"	"striated muscle hypertrophy"	-1.7627694338711852	2.9116901587538613	0.0020060026491049462	0.810548678578582	0.99462522	6941
"GO:0006996"	"organelle organization"	-3.833796251006764	6.4253582825587365	6.55438598080312	0.8841054958291596	0.54848203	null
"GO:0006998"	"nuclear envelope organization"	-1.1423118778797368	4.296314103353241	0.04869294528496092	0.9018693109442282	0.35567198	null
"GO:0007010"	"cytoskeleton organization"	-4.7012048528401325	5.8870825415010435	1.8978237258769566	0.8773568547531478	0.47793149	null
"GO:0007077"	"mitotic nuclear membrane disassembly"	-0.4070694849427321	1.8129133566428555	0.00015752658839597125	0.9217306789222889	0.6493018	null
"GO:0007154"	"cell communication"	-0.73484313072897	6.574350790896292	9.236864411598072	0.9885820463110042	0.02387417	null
"GO:0007507"	"heart development"	-6.785886898696008	4.8837522584889	0.18833042048621468	0.6456250824133881	0.61780269	null
"GO:0003007"	"heart morphogenesis"	-1.2980980180268722	4.4248979631844	0.06547198830207555	0.6555205194681861	0.84152526	7507
"GO:0035051"	"cardiocyte differentiation"	-4.204240785753	4.042654253167793	0.027151184321811853	0.6702003609232534	0.79039312	7507
"GO:0009719"	"response to endogenous stimulus"	-2.05946615006531	5.524614188342792	0.8237336056049143	0.9739552609493347	-0	null
"GO:0014706"	"striated muscle tissue development"	-5.990782177065994	4.522170267708623	0.08190890326001768	0.7502932012956247	0.5709922	null
"GO:0048729"	"tissue morphogenesis"	-0.4804415451389027	4.699135004891022	0.1231119515373389	0.7475086695489751	0.73301193	14706
"GO:0048738"	"cardiac muscle tissue development"	-6.367838082305084	4.259331024917654	0.04471786028090634	0.6564545788293678	0.94845037	14706
"GO:0055003"	"cardiac myofibril assembly"	-3.1390543168404514	3.7707047682157793	0.014514598308922537	0.5379279909855749	0.9780098	14706
"GO:0055006"	"cardiac cell development"	-4.635455182818919	3.927319024959656	0.020818123197705072	0.6624099639260194	0.9770041	14706
"GO:0055007"	"cardiac muscle cell differentiation"	-5.083189524479238	3.9921114877869495	0.02416802455406315	0.6215397414323522	0.97602074	14706
"GO:0055013"	"cardiac muscle cell development"	-4.8597599133518425	3.919966701483387	0.020468611079701514	0.6234972189395189	0.90094196	14706
"GO:0060537"	"muscle tissue development"	-5.694358358574181	4.553943678062436	0.08812628079577116	0.7617814159868719	0.7118902	14706
"GO:0022402"	"cell cycle process"	-0.32609399680080997	5.875800671392008	1.8491578554743764	0.9843926243478595	0.01899576	null
"GO:0023052"	"signaling"	-0.7736857982590656	6.571894386105714	9.184767415191992	0.799552038880405	0.49486593	null
"GO:0030029"	"actin filament-based process"	-6.786253196975765	5.514250152357573	0.8043086081733359	0.9911476969179889	0.01717892	null
"GO:0030035"	"microspike assembly"	-0.7274145880122277	2.089905111439398	0.0003002850591298202	0.9279013483585522	0.24181454	null
"GO:0030048"	"actin filament-based movement"	-0.9290536535515082	4.51936852704	0.08138217373006863	0.8972345023123829	0.69308715	null
"GO:0030154"	"cell differentiation"	-10.301092162432264	5.923255938243652	2.06266791657451	0.7060968324156437	-0	null
"GO:0007275"	"multicellular organism development"	-5.08816891015045	5.950369236249014	2.195546516592399	0.615884890383411	0.86661767	30154
"GO:0009653"	"anatomical structure morphogenesis"	-6.857751359749079	5.775654130082595	1.4683422507330033	0.7256767213417723	0.77439906	30154
"GO:0009888"	"tissue development"	-3.2646645426161034	5.408885837145902	0.631041667702486	0.7441312817378898	0.7013004	30154
"GO:0048468"	"cell development"	-7.022829474797554	5.631230628305685	1.0529397144269397	0.7146455680349745	0.89520269	30154
"GO:0048513"	"animal organ development"	-5.498524564452798	5.626726235442988	1.042075302533505	0.7334676317202605	0.74295408	30154
"GO:0048731"	"system development"	-5.757836186323186	5.901913628675514	1.963753525826558	0.6104495604882179	0.81201778	30154
"GO:0048856"	"anatomical structure development"	-9.110961097295132	6.122977274352911	3.2670128346264704	0.7178652413029225	0.86207197	30154
"GO:0048869"	"cellular developmental process"	-10.29736671226006	5.933789366689749	2.113307792037927	0.7227788419523721	0.81083888	30154
"GO:0031032"	"actomyosin structure organization"	-5.589675838349032	4.702723414104734	0.12413341300896903	0.8348198797010893	0.26533795	null
"GO:0007015"	"actin filament organization"	-0.5836439345800792	5.285192618592612	0.47463991760177976	0.8187778974378416	0.93735259	31032
"GO:0030036"	"actin cytoskeleton organization"	-3.8242576284602006	5.499274581892218	0.7770466629690582	0.8124866873529556	0.82849662	31032
"GO:0032501"	"multicellular organismal process"	-7.00678381774754	6.163132142633867	3.5834862120669206	1	-0	null
"GO:0032502"	"developmental process"	-9.83139338461498	6.192100572841233	3.830665120083749	1	0	null
"GO:0032970"	"regulation of actin filament-based process"	-3.1156750016996257	5.138817229617316	0.3388347689338468	0.8530912499424695	0.15900782	null
"GO:0032989"	"cellular anatomical entity morphogenesis"	-7.607649067273527	4.509565403222792	0.07956569525762759	0.9194710731425598	0.01357178	null
"GO:0034330"	"cell junction organization"	-1.91177697752734	5.122933100742961	0.326665839980258	0.9106184894206857	0.34727035	null
"GO:0034334"	"adherens junction maintenance"	-0.4070694849427321	3.3098430047160705	0.005021160005121583	0.9140024529870591	0.69610093	null
"GO:0034605"	"cellular response to heat"	-0.9734542189347812	4.7774558227219925	0.1474424253856854	0.9692167620077986	0.26054395	null
"GO:0035295"	"tube development"	-0.38806753364159907	4.920832651153442	0.20511684756216036	0.6707753066399841	0.62304067	null
"GO:0035556"	"intracellular signal transduction"	-1.072247305716716	6.25082994866753	4.385343312708344	0.773764889962067	0.37206549	null
"GO:0040007"	"growth"	-0.3438839865321774	4.669911651840315	0.11510024770563755	1	-0	null
"GO:0042391"	"regulation of membrane potential"	-1.6439956938772857	5.197861985482968	0.3881799727488847	0.8220461402503829	0.163311	null
"GO:0044057"	"regulation of system process"	-3.4430859532435223	4.786630768031185	0.15059049580066114	0.8218126149661057	-0	null
"GO:0045216"	"cell-cell junction organization"	-0.8426261040242847	4.789016326793375	0.15141997174268365	0.8956986412537452	0.61372596	null
"GO:0034329"	"cell junction assembly"	-0.6815489226576993	4.833115224216313	0.16760336734742604	0.8771214950153507	0.88562617	45216
"GO:0045595"	"regulation of cell differentiation"	-1.6866823113693628	5.19929157277753	0.38945987627960205	0.8442488374302352	0.19779641	null
"GO:0051093"	"negative regulation of developmental process"	-0.39585132194573197	4.8752465228514374	0.1846777727177831	0.8525847688424107	0.7071521	45595
"GO:0048518"	"positive regulation of biological process"	-2.577101936455839	6.254081146921754	4.418295905918426	0.8165402638018918	0.30168763	null
"GO:0048522"	"positive regulation of cellular process"	-2.758053144902231	6.174251169289501	3.6764170538087693	0.7208617168574916	0.25660053	null
"GO:0009891"	"positive regulation of biosynthetic process"	-0.6486148058032067	5.913378280293256	2.016283720350727	0.7245414663406534	0.91568336	48522
"GO:0009893"	"positive regulation of metabolic process"	-1.9531511691561925	6.06847677870949	2.881710183468756	0.7257905693121546	0.87053528	48522
"GO:0010557"	"positive regulation of macromolecule biosynthetic process"	-0.8927019998175286	5.9062655275718985	1.9835304967290837	0.7154770444556454	0.94722552	48522
"GO:0010604"	"positive regulation of macromolecule metabolic process"	-1.1342751150265649	6.036854366586578	2.6793402057917506	0.7167307610052502	0.90260439	48522
"GO:0045893"	"positive regulation of DNA-templated transcription"	-1.8290542990674936	5.793807839906026	1.531020603443994	0.718193076596827	0.93695654	48522
"GO:0045935"	"positive regulation of nucleobase-containing compound metabolic process"	-1.3555153236342603	5.86603259646637	1.8080311091383094	0.7255287885179008	0.81506958	48522
"GO:0045944"	"positive regulation of transcription by RNA polymerase II"	-3.002370164682425	5.609050934447659	1.0005153580793493	0.729105756986775	0.75408039	48522
"GO:0051254"	"positive regulation of RNA metabolic process"	-1.3824935106926193	5.849151506011876	1.7391009199503533	0.721984697713085	0.95746444	48522
"GO:1902680"	"positive regulation of RNA biosynthetic process"	-1.818545306619857	5.793886030659488	1.531296274973687	0.7185527194358661	0.95266769	48522
"GO:0048523"	"negative regulation of cellular process"	-0.4250003872743232	6.242988908587792	4.3068778422165455	0.8057366027087651	0.33173514	null
"GO:0048646"	"anatomical structure formation involved in morphogenesis"	-2.667771243545823	5.228431158637907	0.41648799295422956	0.7415319279366683	0.67017533	null
"GO:0050789"	"regulation of biological process"	-1.7219441033388518	7.03498324614998	26.67823535368239	0.7783367393027901	0.41331663	null
"GO:0050793"	"regulation of developmental process"	-2.992412602368821	5.763972018350213	1.4293716495756061	0.8375394463296735	0.19502421	null
"GO:0050794"	"regulation of cellular process"	-0.7966526998602673	7.003509775209796	24.81324853742716	0.770706921968925	0.67600498	null
"GO:0051128"	"regulation of cellular component organization"	-0.8994394956635866	5.772775571313585	1.4586420587819326	0.8316809235162015	0.27830614	null
"GO:0051239"	"regulation of multicellular organismal process"	-2.1657213881532877	5.543332844310566	0.8600139479948613	0.8454296418535443	0.21519905	null
"GO:0051716"	"cellular response to stimulus"	-0.32619498866633956	6.749069834706852	13.811589142499587	0.9552263902409209	0.57748882	null
"GO:0055002"	"striated muscle cell development"	-10.86374664943289	4.500195294509041	0.07786736172648354	0.7161506038001468	0.68400707	null
"GO:0007517"	"muscle organ development"	-0.4910064515183817	4.495946532723614	0.07710926501982793	0.7226358926221293	0.86269856	55002
"GO:0010927"	"cellular component assembly involved in morphogenesis"	-7.607649067273527	4.509565403222792	0.07956569525762759	0.6851529786009779	0.98090406	55002
"GO:0030239"	"myofibril assembly"	-8.549139092384069	4.393926006585837	0.06096525106218456	0.5958573382950333	0.95557107	55002
"GO:0030240"	"skeletal muscle thin filament assembly"	-0.4070694849427321	3.0989896394011773	0.003088997944327249	0.6575771280227021	0.79311594	55002
"GO:0042692"	"muscle cell differentiation"	-8.28655540395812	4.726824975390675	0.13121718678090036	0.7160598785663669	0.89594759	55002
"GO:0045214"	"sarcomere organization"	-8.555436604179695	4.089127629044278	0.030218030089645923	0.6118348426912618	0.91162766	55002
"GO:0051146"	"striated muscle cell differentiation"	-8.875475611735464	4.620781289040301	0.1027885602813149	0.7149706171624138	0.95745881	55002
"GO:0055001"	"muscle cell development"	-10.002365029613737	4.584670384464348	0.09458733227294966	0.7154390276850282	0.93863232	55002
"GO:0060306"	"regulation of membrane repolarization"	-0.43192121864853417	3.8049567998574916	0.01570589313366707	0.8268632428763089	0.62810377	null
"GO:0060419"	"heart growth"	-1.8384103017593776	3.1789769472931693	0.003714181592023759	0.709672934961307	0.69496052	null
"GO:0035265"	"organ growth"	-0.4111754904727027	3.786041210242554	0.015036405132984194	0.7301642212865898	0.72321801	60419
"GO:0061061"	"muscle structure development"	-9.061763832498409	4.919674183960281	0.2045704272086618	0.765296685047105	0.62287568	null
"GO:0065007"	"biological regulation"	-1.153631003128781	7.055508065118343	27.969320810822822	1	-0	null
"GO:0065008"	"regulation of biological quality"	-0.33871553231893325	6.0900643235623235	3.028571729559731	0.8319973724335058	0.26990399	null
"GO:0065009"	"regulation of molecular function"	-0.41379924013330877	5.770877038060686	1.4522794614225014	0.8445533106928363	0.21644307	null
"GO:0070252"	"actin-mediated cell contraction"	-1.4226664799581479	3.924486043733915	0.020682748785802285	0.8945679807561789	0.63052256	null
"GO:0070925"	"organelle assembly"	-1.4196108213326986	5.803960768974654	1.5672344893044614	0.8649253954343769	0.6818075	null
"GO:0071495"	"cellular response to endogenous stimulus"	-1.8182332667719365	5.451290473578162	0.6957654047096807	0.9743637418745412	0.30193371	null
"GO:0072359"	"circulatory system development"	-5.257833962521494	5.114540931085493	0.32041400350329285	0.6585942195841382	0.65191468	null
"GO:0086001"	"cardiac muscle cell action potential"	-0.7728617752048763	3.765668554759014	0.014347226308751817	0.8269905371107494	0.55324206	null
"GO:0086023"	"adenylate cyclase-activating adrenergic receptor signaling pathway involved in heart process"	-0.9483259109072105	2.8041394323353503	0.001565420472184964	0.707570029514578	0.69031223	null
"GO:0090257"	"regulation of muscle system process"	-2.8244472137856627	4.310778251612534	0.05034205175723125	0.8180329421955462	0.66916344	null
"GO:0006942"	"regulation of striated muscle contraction"	-0.30727241261327887	3.919601023784111	0.020451381609095706	0.8265329121775711	0.82347748	90257
"GO:0008016"	"regulation of heart contraction"	-2.1013301353016733	4.34022592125719	0.05387409323142216	0.8153387493026247	0.8582567	90257
"GO:0043502"	"regulation of muscle adaptation"	-0.5947958978488149	3.292256071356476	0.004821790416682932	0.8404889226958119	0.74011924	90257
"GO:0061337"	"cardiac conduction"	-0.30727241261327887	3.9291633832050645	0.020906731903677808	0.8254243269112086	0.88970619	90257
"GO:0086019"	"cell-cell signaling involved in cardiac conduction"	-0.5492414859558609	3.084576277934331	0.0029880824736360796	0.8332706849869359	0.72045737	90257
"GO:1903522"	"regulation of blood circulation"	-1.4373952350298638	4.515357149738369	0.08063392243518777	0.8123091642236366	0.88585576	90257
"GO:0097435"	"supramolecular fiber organization"	-3.7852106958861826	5.5062045753034194	0.789545413217101	0.9040500649149589	0.3181356	null
"GO:0140694"	"non-membrane-bounded organelle assembly"	-3.8286970793318367	5.59138297292666	0.9606291336269005	0.8616014568438166	0.59151817	null
"GO:0141124"	"intracellular signaling cassette"	-0.6748609104216396	5.506364303606085	0.7898358528644561	0.8098389567297885	0.55470063	null
"GO:1902903"	"regulation of supramolecular fiber organization"	-2.043849223611138	5.110424714390187	0.3173914620884452	0.8127871874307011	0.18320432	null
"GO:0032956"	"regulation of actin cytoskeleton organization"	-1.5875001033969236	5.12958356080136	0.33170669080892906	0.8052804691799528	0.85246131	1902903
"GO:0033043"	"regulation of organelle organization"	-0.828514966822481	5.542605112853897	0.8585740565228043	0.7963931709606814	0.82370247	1902903
"GO:0051493"	"regulation of cytoskeleton organization"	-1.8682656525910346	5.2820326856053805	0.47119894618650526	0.8029931859396255	0.74992526	1902903
"GO:0110053"	"regulation of actin filament organization"	-0.3247292364476735	5.034820899070877	0.26668020738966086	0.8055763669749593	0.97428006	1902903
"GO:1902905"	"positive regulation of supramolecular fiber organization"	-1.3519170362842174	4.486869510668216	0.07551430831231871	0.7599220658342296	0.64382526	null
"GO:0051495"	"positive regulation of cytoskeleton organization"	-1.2295694509817006	4.519788629954198	0.08146093702426663	0.7560651756425416	0.76965179	1902905
"GO:1903762"	"positive regulation of voltage-gated potassium channel activity involved in ventricular cardiac muscle cell action potential repolarization"	-1.724601646820715	2.7708520116421442	0.0014497368838316729	0.7082039820997171	0.41282624	null
"GO:0010959"	"regulation of metal ion transport"	-0.41076614460489663	4.850787097711307	0.174564073472173	0.7990163433274268	0.83347673	1903762
"GO:0043266"	"regulation of potassium ion transport"	-0.3248687525984694	4.4068466330976666	0.06280634306406248	0.8091750046062356	0.87931161	1903762
"GO:0098903"	"regulation of membrane repolarization during action potential"	-0.4070694849427321	2.8549130223078554	0.0017598673547362413	0.8238682730211719	0.8517245	1903762
"GO:1901016"	"regulation of potassium ion transmembrane transporter activity"	-1.434071086273034	4.079108857601436	0.029528851265413544	0.8049358091298886	0.78202347	1903762
"GO:1901018"	"positive regulation of potassium ion transmembrane transporter activity"	-1.1094666065468073	3.722880610686939	0.013000866248555001	0.7559541090544069	0.88248767	1903762
"GO:1901379"	"regulation of potassium ion transmembrane transport"	-0.6374639469283094	4.334936032690669	0.053221834701345096	0.7988804749247597	0.94066539	1903762
"GO:1901381"	"positive regulation of potassium ion transmembrane transport"	-0.3951682994895465	3.927626962444954	0.020832891315367197	0.7498102972907525	0.9706902	1903762
"GO:1902261"	"positive regulation of delayed rectifier potassium channel activity"	-0.7274145880122277	1.9138138523837167	0.00019936958843865107	0.8030724162004483	0.75461358	1903762
"GO:1903760"	"regulation of voltage-gated potassium channel activity involved in ventricular cardiac muscle cell action potential repolarization"	-1.2484182594572737	2.7708520116421442	0.0014497368838316729	0.8329606586956357	0.7292668	1903762
"GO:1905024"	"regulation of membrane repolarization during ventricular cardiac muscle cell action potential"	-1.2484182594572737	2.812244696800369	0.0015949567075092086	0.8173774660541318	0.99414194	1903762
"GO:1905026"	"positive regulation of membrane repolarization during ventricular cardiac muscle cell action potential"	-1.724601646820715	2.782472624166286	0.0014891185309306655	0.7694062971639247	0.99878087	1903762
"GO:1905031"	"regulation of membrane repolarization during cardiac muscle cell action potential"	-0.9483259109072105	2.8254261177678233	0.00164418376638295	0.8173447964986963	0.98816476	1903762
"GO:1905033"	"positive regulation of membrane repolarization during cardiac muscle cell action potential"	-1.724601646820715	2.782472624166286	0.0014891185309306655	0.7695162934100562	0.98987774	1903762
"GO:1905335"	"regulation of aggrephagy"	-0.9483259109072105	2.423245873936808	0.0006497971771333813	0.8861148886939868	0.61630989	null
"GO:1905337"	"positive regulation of aggrephagy"	-0.9483259109072105	2.315970345456918	0.0005070387063995324	0.8364334271287582	0.3848375	null
